{
  "name": "float",
  "version": "1.0.0-rc.1",
  "dependencies": {
    "jquery": "1.8.3",
    "backbone.stickit": "0.5.2",
    "wave-datepicker": "git@github.com:waveaccounting/wave-datepicker.git#0.2.2",
    "pines-notify": "~1.2.0",
    "select2": "~3.2.0",
    "backbone-amd": "0.9.2",
    "lodash": "~1.0.0-rc.3",
    "require-cs": "~0.4.3",
    "requirejs-domready": "~2.0.1",
    "requirejs-text": "~2.0.4",
    "requirejs-plugins": "latest",
    "moment": "~1.7.2",
    "accounting": "~0.3.2",
    "requirejs": "~2.1.3",
    "handlebars": "1.0.0-beta.6",
    "almond": "~0.2.3"
  }
}
